--
-- PostgreSQL database dump
--

-- Dumped from database version 14.4
-- Dumped by pg_dump version 14.4

-- Started on 2022-12-10 20:03:18

SET statement_timeout = 0;
SET lock_timeout = 0;
SET idle_in_transaction_session_timeout = 0;
SET client_encoding = 'UTF8';
SET standard_conforming_strings = on;
SELECT pg_catalog.set_config('search_path', '', false);
SET check_function_bodies = false;
SET xmloption = content;
SET client_min_messages = warning;
SET row_security = off;

SET default_tablespace = '';

SET default_table_access_method = heap;

--
-- TOC entry 212 (class 1259 OID 16798)
-- Name: category; Type: TABLE; Schema: public; Owner: postgres
--

CREATE TABLE public.category (
    id integer NOT NULL,
    name character varying(255)
);


ALTER TABLE public.category OWNER TO postgres;

--
-- TOC entry 211 (class 1259 OID 16797)
-- Name: category_id_seq; Type: SEQUENCE; Schema: public; Owner: postgres
--

ALTER TABLE public.category ALTER COLUMN id ADD GENERATED BY DEFAULT AS IDENTITY (
    SEQUENCE NAME public.category_id_seq
    START WITH 1
    INCREMENT BY 1
    NO MINVALUE
    NO MAXVALUE
    CACHE 1
);


--
-- TOC entry 214 (class 1259 OID 16804)
-- Name: image; Type: TABLE; Schema: public; Owner: postgres
--

CREATE TABLE public.image (
    id integer NOT NULL,
    file_name character varying(255),
    product_id integer NOT NULL
);


ALTER TABLE public.image OWNER TO postgres;

--
-- TOC entry 213 (class 1259 OID 16803)
-- Name: image_id_seq; Type: SEQUENCE; Schema: public; Owner: postgres
--

ALTER TABLE public.image ALTER COLUMN id ADD GENERATED BY DEFAULT AS IDENTITY (
    SEQUENCE NAME public.image_id_seq
    START WITH 1
    INCREMENT BY 1
    NO MINVALUE
    NO MAXVALUE
    CACHE 1
);


--
-- TOC entry 220 (class 1259 OID 16886)
-- Name: order_status; Type: TABLE; Schema: public; Owner: postgres
--

CREATE TABLE public.order_status (
    id integer NOT NULL,
    name character varying(255)
);


ALTER TABLE public.order_status OWNER TO postgres;

--
-- TOC entry 219 (class 1259 OID 16885)
-- Name: order_status_id_seq; Type: SEQUENCE; Schema: public; Owner: postgres
--

ALTER TABLE public.order_status ALTER COLUMN id ADD GENERATED BY DEFAULT AS IDENTITY (
    SEQUENCE NAME public.order_status_id_seq
    START WITH 1
    INCREMENT BY 1
    NO MINVALUE
    NO MAXVALUE
    CACHE 1
);


--
-- TOC entry 222 (class 1259 OID 16972)
-- Name: orders; Type: TABLE; Schema: public; Owner: postgres
--

CREATE TABLE public.orders (
    id integer NOT NULL,
    count integer NOT NULL,
    date_time timestamp without time zone,
    number character varying(255),
    order_status integer,
    price double precision NOT NULL,
    person_id integer NOT NULL,
    product_id integer NOT NULL
);


ALTER TABLE public.orders OWNER TO postgres;

--
-- TOC entry 221 (class 1259 OID 16971)
-- Name: orders_id_seq; Type: SEQUENCE; Schema: public; Owner: postgres
--

ALTER TABLE public.orders ALTER COLUMN id ADD GENERATED BY DEFAULT AS IDENTITY (
    SEQUENCE NAME public.orders_id_seq
    START WITH 1
    INCREMENT BY 1
    NO MINVALUE
    NO MAXVALUE
    CACHE 1
);


--
-- TOC entry 210 (class 1259 OID 16773)
-- Name: person; Type: TABLE; Schema: public; Owner: postgres
--

CREATE TABLE public.person (
    id integer NOT NULL,
    login character varying(100),
    password character varying(100),
    role character varying(255)
);


ALTER TABLE public.person OWNER TO postgres;

--
-- TOC entry 209 (class 1259 OID 16772)
-- Name: person_id_seq; Type: SEQUENCE; Schema: public; Owner: postgres
--

ALTER TABLE public.person ALTER COLUMN id ADD GENERATED BY DEFAULT AS IDENTITY (
    SEQUENCE NAME public.person_id_seq
    START WITH 1
    INCREMENT BY 1
    NO MINVALUE
    NO MAXVALUE
    CACHE 1
);


--
-- TOC entry 216 (class 1259 OID 16810)
-- Name: product; Type: TABLE; Schema: public; Owner: postgres
--

CREATE TABLE public.product (
    id integer NOT NULL,
    date_time timestamp without time zone,
    description text NOT NULL,
    price real NOT NULL,
    seller text NOT NULL,
    title text NOT NULL,
    warehouse character varying(255) NOT NULL,
    category_id integer NOT NULL,
    CONSTRAINT product_price_check CHECK ((price >= (1)::double precision))
);


ALTER TABLE public.product OWNER TO postgres;

--
-- TOC entry 218 (class 1259 OID 16854)
-- Name: product_cart; Type: TABLE; Schema: public; Owner: postgres
--

CREATE TABLE public.product_cart (
    id integer NOT NULL,
    person_id integer,
    product_id integer
);


ALTER TABLE public.product_cart OWNER TO postgres;

--
-- TOC entry 217 (class 1259 OID 16853)
-- Name: product_cart_id_seq; Type: SEQUENCE; Schema: public; Owner: postgres
--

ALTER TABLE public.product_cart ALTER COLUMN id ADD GENERATED BY DEFAULT AS IDENTITY (
    SEQUENCE NAME public.product_cart_id_seq
    START WITH 1
    INCREMENT BY 1
    NO MINVALUE
    NO MAXVALUE
    CACHE 1
);


--
-- TOC entry 215 (class 1259 OID 16809)
-- Name: product_id_seq; Type: SEQUENCE; Schema: public; Owner: postgres
--

ALTER TABLE public.product ALTER COLUMN id ADD GENERATED BY DEFAULT AS IDENTITY (
    SEQUENCE NAME public.product_id_seq
    START WITH 1
    INCREMENT BY 1
    NO MINVALUE
    NO MAXVALUE
    CACHE 1
);


--
-- TOC entry 3359 (class 0 OID 16798)
-- Dependencies: 212
-- Data for Name: category; Type: TABLE DATA; Schema: public; Owner: postgres
--

INSERT INTO public.category (id, name) VALUES (1, 'Подушки');
INSERT INTO public.category (id, name) VALUES (2, 'Наволочки');


--
-- TOC entry 3361 (class 0 OID 16804)
-- Dependencies: 214
-- Data for Name: image; Type: TABLE DATA; Schema: public; Owner: postgres
--

INSERT INTO public.image (id, file_name, product_id) VALUES (6, '596ee0fd-5970-4f81-8ebb-f1f3d22f50d3.pillow1.jpg', 4);
INSERT INTO public.image (id, file_name, product_id) VALUES (7, '4724e69a-ecc0-447c-905d-d7110e100f07.pillow2.jpg', 4);
INSERT INTO public.image (id, file_name, product_id) VALUES (8, 'b89bb7d2-189c-4f24-a547-6bf732aafcb3.pillow3.jpg', 4);
INSERT INTO public.image (id, file_name, product_id) VALUES (9, 'a5b21922-2db7-4bcf-b678-a666a77374f5.pillow4.jpg', 4);
INSERT INTO public.image (id, file_name, product_id) VALUES (10, 'a0db6c4a-9490-48b7-b756-067ab1f75b06.pillow5.jpg', 4);
INSERT INTO public.image (id, file_name, product_id) VALUES (11, '50375082-f093-49ae-898f-40160a8ab47d.1.jpg', 5);
INSERT INTO public.image (id, file_name, product_id) VALUES (12, '8d187cf2-c5ec-476e-aade-03cc084065d4.2.jpg', 5);
INSERT INTO public.image (id, file_name, product_id) VALUES (13, '8ad0804f-81ec-4ca9-a9af-eb701eb3ea12.3.jpg', 5);
INSERT INTO public.image (id, file_name, product_id) VALUES (14, '5c899dfc-321c-472c-848f-6c9eee354721.4.jpg', 5);
INSERT INTO public.image (id, file_name, product_id) VALUES (15, '5f337287-b149-4ee2-835b-7c1975a6b791.5.jpg', 5);
INSERT INTO public.image (id, file_name, product_id) VALUES (16, 'f9d74e9c-0621-4437-8f03-a62cfa109698.1.jpg', 6);
INSERT INTO public.image (id, file_name, product_id) VALUES (17, 'f3e5efc2-28e4-4583-9c24-234580591dd7.2.jpg', 6);
INSERT INTO public.image (id, file_name, product_id) VALUES (18, '8e283195-15b4-47ca-a1ea-c54c945e8edc.3.jpg', 6);
INSERT INTO public.image (id, file_name, product_id) VALUES (19, '8d53146e-9a08-43e3-8628-6d7f2f9193c4.4.jpg', 6);
INSERT INTO public.image (id, file_name, product_id) VALUES (20, '4403127a-e4a1-40f7-84ce-d464c7a4bcd8.5.jpg', 6);
INSERT INTO public.image (id, file_name, product_id) VALUES (21, '093739d3-896e-4a02-9144-96cf713e6c4e.1.jpg', 7);
INSERT INTO public.image (id, file_name, product_id) VALUES (22, '11652164-1739-45d4-9a20-1c25230af098.2.jpg', 7);
INSERT INTO public.image (id, file_name, product_id) VALUES (23, 'f69a99f6-bcda-43be-9670-def516460a93.3.jpg', 7);
INSERT INTO public.image (id, file_name, product_id) VALUES (24, '977208e2-e2af-48fd-8631-f17777672452.4.jpg', 7);
INSERT INTO public.image (id, file_name, product_id) VALUES (25, '365cb383-e227-4406-beaf-2300c80dd21b.5.jpg', 7);
INSERT INTO public.image (id, file_name, product_id) VALUES (26, 'dae52db2-b7f9-47fa-a557-8af3a9b02bba.1.jpg', 8);
INSERT INTO public.image (id, file_name, product_id) VALUES (27, 'cd52aeb8-e07d-4639-97e1-490816ca8044.2.jpg', 8);
INSERT INTO public.image (id, file_name, product_id) VALUES (28, 'ba82cb33-7ac1-4ce3-b7e3-503ab51e3f8e.3.jpg', 8);
INSERT INTO public.image (id, file_name, product_id) VALUES (29, '6f8cccd8-159f-472a-a1cf-1d11bebb1aca.4.jpg', 8);
INSERT INTO public.image (id, file_name, product_id) VALUES (30, '8ab9e556-aa5f-44ad-9642-eb97537e49f5.5.jpg', 8);
INSERT INTO public.image (id, file_name, product_id) VALUES (31, 'f4452e15-b4ef-4e29-97c9-5e35e433307b.1.jpg', 9);
INSERT INTO public.image (id, file_name, product_id) VALUES (32, '18d81458-77b2-44dc-b1f9-f7a182307675.2.jpg', 9);
INSERT INTO public.image (id, file_name, product_id) VALUES (33, '369fab29-f086-4852-9c2d-55bff9e1bab3.3.jpg', 9);
INSERT INTO public.image (id, file_name, product_id) VALUES (34, '50f63bfc-0bcf-4772-86b1-355a7d51c1d0.4.jpg', 9);
INSERT INTO public.image (id, file_name, product_id) VALUES (35, 'd59a7c70-4d7d-4ca0-a8a0-75697398ffb4.5.jpg', 9);


--
-- TOC entry 3367 (class 0 OID 16886)
-- Dependencies: 220
-- Data for Name: order_status; Type: TABLE DATA; Schema: public; Owner: postgres
--

INSERT INTO public.order_status (id, name) VALUES (1, 'Принят');
INSERT INTO public.order_status (id, name) VALUES (2, 'Оформлен');
INSERT INTO public.order_status (id, name) VALUES (3, 'Оплачен');
INSERT INTO public.order_status (id, name) VALUES (4, 'Едет');
INSERT INTO public.order_status (id, name) VALUES (5, 'Ожидает');
INSERT INTO public.order_status (id, name) VALUES (6, 'Получен');


--
-- TOC entry 3369 (class 0 OID 16972)
-- Dependencies: 222
-- Data for Name: orders; Type: TABLE DATA; Schema: public; Owner: postgres
--

INSERT INTO public.orders (id, count, date_time, number, order_status, price, person_id, product_id) VALUES (1, 1, '2022-12-10 17:46:47.94826', '5f97ab3e-64fe-4e31-a9a6-95151ea8e591', 1, 1000, 2, 4);
INSERT INTO public.orders (id, count, date_time, number, order_status, price, person_id, product_id) VALUES (2, 1, '2022-12-10 18:44:32.300504', 'b3d35291-0592-45a3-9032-c108fecf8975', 1, 300, 2, 9);
INSERT INTO public.orders (id, count, date_time, number, order_status, price, person_id, product_id) VALUES (3, 1, '2022-12-10 19:24:25.290065', '1c2caff7-27b6-4923-8029-563d3b0b8827', 1, 1000, 2, 4);
INSERT INTO public.orders (id, count, date_time, number, order_status, price, person_id, product_id) VALUES (4, 1, '2022-12-10 19:24:25.296077', '1c2caff7-27b6-4923-8029-563d3b0b8827', 1, 300, 2, 9);


--
-- TOC entry 3357 (class 0 OID 16773)
-- Dependencies: 210
-- Data for Name: person; Type: TABLE DATA; Schema: public; Owner: postgres
--

INSERT INTO public.person (id, login, password, role) VALUES (1, 'admin', '$2a$10$rmHkJd.9S7Oh4I5Ln4BxxezxdYjQ0fYF4EXB4LwmNfJJ/BhlYCO8y', 'ROLE_ADMIN');
INSERT INTO public.person (id, login, password, role) VALUES (2, 'user1', '$2a$10$OlVEUr/b9AdDokEW6f4rBOeHRXNlVk9ohfJCQCiWI1rVERoMszbJS', 'ROLE_USER');
INSERT INTO public.person (id, login, password, role) VALUES (3, 'user2', '$2a$10$BtNYBLTckejk6rc.T0nnS.BXh8Vx9Li55XFWMNTApQzUTRc2AzbHy', 'ROLE_USER');


--
-- TOC entry 3363 (class 0 OID 16810)
-- Dependencies: 216
-- Data for Name: product; Type: TABLE DATA; Schema: public; Owner: postgres
--

INSERT INTO public.product (id, date_time, description, price, seller, title, warehouse, category_id) VALUES (4, '2022-12-05 17:55:26.357567', 'Мягкая, легкая и воздушная – на ней будет комфортно с первой ночи

Наполнитель подушки – искусственный лебяжий пух: он равномерно распределен внутри подушки, не комкуется и придает ей приятную упругость

Не впитывает запахи, пыль, не заводятся микроорганизмы, плесень и пылевые клещи. Тем самым подходит для людей с высокой чувствительностью кожи и склонных к аллергии

Достоинства Sky:
- доступная цена;
- мягкая, легкая и воздушная;
- наполнитель не скатывается и не сваливается в процессе использования;
- не впитывает запахи и пыль, не заводятся микроорганизмы, плесень и пылевые клещи;
- подходит для людей с высокой чувствительностью кожи и склонных к аллергии;
- увеличенный срок службы.

Чехол несъемный: микрофибра
Наполнитель подушки: искусственный лебяжий пух (100% полиэфир)

Высота подушки: 18 см
Размер: 70*50*18 см - подходит для наволочки 70х50 см', 1000, 'OZON', 'Подушка XL', 'Новосибирск', 1);
INSERT INTO public.product (id, date_time, description, price, seller, title, warehouse, category_id) VALUES (5, '2022-12-05 17:59:06.118048', 'Идеально принимает форму головы и поддерживает шею в правильном положении во время сна. Обладает эффектом терморегуляции, пропускает воздух, охлаждает

Материал чехла изготовлен из ткани с обработкой Adaptive, которая гарантирует индивидуальный и динамический комфорт, поглощает избыточное тепло и обеспечивает сухость и прохладу, влага распределяется по поверхности ткани и быстро испаряется

Достоинства:
- основа подушки - пена Neo Taktile;
- поддерживает голову и шею в правильном положении;
- равномерно распределяет давление по всей поверхности, голова не «утопает» во время сна;
- съемный чехол удаляет избыток тепла и влаги и сохраняет ощущение прохлады во время сна;
- хороший воздухообмен;
- антибактериальный эффект;
- имеет 3 варианта высоты на выбор, под любой уровень комфорта: S (9 см), M (11,5 см), L (14 см);

Внутренний чехол: 100% полиэстер
Съёмный чехол: трикотаж с эффектом охлаждения Adaptive (43% Tencel, полиэстер 56%, 1% лайкра)
Высота подушки - S (9 см), M (11,5 см), L (14 см)

Размер: 60*38*9/ 11,5/14 см', 700, 'ТехноПарк', 'Подушка M', 'Омск', 1);
INSERT INTO public.product (id, date_time, description, price, seller, title, warehouse, category_id) VALUES (6, '2022-12-05 18:01:39.415829', 'Мягкая и воздушная подушка, которая подарит нежность прикосновений и крепкий здоровый сон

Бережно поддерживает голову и шею ребенка в анатомически правильном положении. Создает комфортный микроклимат сна, атмосферу уюта и защищенности, что способствует легкому засыпанию

Наполнитель – гипоаллергенное полиэфирное волокно. Благодаря его мягкости и упругости подушка хорошо адаптируется к особенностям спящего. Даже после длительной нагрузки легко и быстро восстанавливает форму, ее достаточно лишь встряхнуть

Важно знать:
- внешний чехол – съемный, на молнии, можно стирать;
- внутренний чехол – несъемный, из натурального хлопка.

Достоинства:
- классическая набивная подушка, в меру мягкая и упругая;
- универсальная – для сна в любом положении;
- подходит детям с чувствительной кожей и склонным к аллергии;
- хорошая воздухопроницаемость исключает появление и развитие микроорганизмов;
- практичная в уходе.
', 500, 'OZON', 'Подушка S', 'Новосибирск', 1);
INSERT INTO public.product (id, date_time, description, price, seller, title, warehouse, category_id) VALUES (7, '2022-12-05 18:05:05.981976', 'Ярко-белая ткань насыщена крупными листьями необычных форм. Холодные пастельные цвета растительного принта оригинально «подсвечены» теплыми оттенками, что создает впечатление «игры» красок и линий. Нежная струящаяся ткань добавляет изысканность и индивидуальность интерьеру

Премиальное качество (100% хлопок (сатин), плотность переплетения 300 ТС) обеспечит высокий комфорт и благополучную эксплуатацию

Достоинства:
- оригинальный принт - из трендовых коллекций;
- шелковистая поверхность ткани придает комплекту изысканный внешний вид;
- высокая прочность: более 300 стирок с сохранением первоначального вида;
- температурный комфорт в любое время года;
- защита от статического электричества;
- экологичный.', 300, 'ТехноПарк', 'Наволочка цветная', 'Омск', 2);
INSERT INTO public.product (id, date_time, description, price, seller, title, warehouse, category_id) VALUES (8, '2022-12-05 18:07:25.990424', 'На белоснежной ткани - крупные темные листья гармонично сочетаются с нежными экзотическими цветами. Дымчатые акценты придают интерьеру изысканность и благородный внешний вид. Струящаяся, как шелк, ткань добавляет легкость и словно оживляет крупные детали принта, делая их «подвижными».
Премиальное качество (100% хлопок (сатин), плотность переплетения 300 ТС) обеспечит высокий комфорт и благополучную эксплуатацию

Достоинства:
- оригинальный принт - из трендовых коллекций;
- шелковистая поверхность ткани придает комплекту изысканный внешний вид;
- высокая прочность: более 300 стирок с сохранением первоначального вида;
- температурный комфорт в любое время года;
- защита от статического электричества;
- экологичный.', 300, 'ООО "Портной"', 'Наволочка черно-белая', 'Кемерово', 2);
INSERT INTO public.product (id, date_time, description, price, seller, title, warehouse, category_id) VALUES (9, '2022-12-05 18:09:32.788493', 'Ткань с диагональным переплетением и технологией пересечения волокон ACTIVE AIR великолепно пропускает воздух, позволяя коже дышать, регулируя температуру тела и обеспечивая комфортный сон

Меланжевый эффект достигается за счет использования нитей разных цветов, а саму ткань отличает нежный блеск, легкость драпировки и износостойкость

Цвет изумруд  - спокойный и умиротворяющий, наполнит вашу спальню свежестью природы

Достоинства: 
- 100% натуральное волокно соответствует высокому классу гигиены;
- температурный комфорт в любое время года;
- подходит людям с чувствительной кожей;
- не выцветает и не деформируется;
- 300 стирок с сохранением первоначального вида, исключено появление катышков;
- стильная экологичная упаковка – хлопковый мешок с тканой завязкой (высота 30 см, диаметр – 15 см), ее можно использовать для хранения личных вещей – дома и в поездках.

Состав: 100% хлопок (диагональ)', 300, 'ООО "Портной"', 'Наволочка зеленая', 'Кемерово', 2);


--
-- TOC entry 3365 (class 0 OID 16854)
-- Dependencies: 218
-- Data for Name: product_cart; Type: TABLE DATA; Schema: public; Owner: postgres
--

INSERT INTO public.product_cart (id, person_id, product_id) VALUES (13, 3, 7);


--
-- TOC entry 3375 (class 0 OID 0)
-- Dependencies: 211
-- Name: category_id_seq; Type: SEQUENCE SET; Schema: public; Owner: postgres
--

SELECT pg_catalog.setval('public.category_id_seq', 2, true);


--
-- TOC entry 3376 (class 0 OID 0)
-- Dependencies: 213
-- Name: image_id_seq; Type: SEQUENCE SET; Schema: public; Owner: postgres
--

SELECT pg_catalog.setval('public.image_id_seq', 35, true);


--
-- TOC entry 3377 (class 0 OID 0)
-- Dependencies: 219
-- Name: order_status_id_seq; Type: SEQUENCE SET; Schema: public; Owner: postgres
--

SELECT pg_catalog.setval('public.order_status_id_seq', 6, true);


--
-- TOC entry 3378 (class 0 OID 0)
-- Dependencies: 221
-- Name: orders_id_seq; Type: SEQUENCE SET; Schema: public; Owner: postgres
--

SELECT pg_catalog.setval('public.orders_id_seq', 4, true);


--
-- TOC entry 3379 (class 0 OID 0)
-- Dependencies: 209
-- Name: person_id_seq; Type: SEQUENCE SET; Schema: public; Owner: postgres
--

SELECT pg_catalog.setval('public.person_id_seq', 3, true);


--
-- TOC entry 3380 (class 0 OID 0)
-- Dependencies: 217
-- Name: product_cart_id_seq; Type: SEQUENCE SET; Schema: public; Owner: postgres
--

SELECT pg_catalog.setval('public.product_cart_id_seq', 17, true);


--
-- TOC entry 3381 (class 0 OID 0)
-- Dependencies: 215
-- Name: product_id_seq; Type: SEQUENCE SET; Schema: public; Owner: postgres
--

SELECT pg_catalog.setval('public.product_id_seq', 9, true);


--
-- TOC entry 3198 (class 2606 OID 16802)
-- Name: category category_pkey; Type: CONSTRAINT; Schema: public; Owner: postgres
--

ALTER TABLE ONLY public.category
    ADD CONSTRAINT category_pkey PRIMARY KEY (id);


--
-- TOC entry 3200 (class 2606 OID 16808)
-- Name: image image_pkey; Type: CONSTRAINT; Schema: public; Owner: postgres
--

ALTER TABLE ONLY public.image
    ADD CONSTRAINT image_pkey PRIMARY KEY (id);


--
-- TOC entry 3208 (class 2606 OID 16890)
-- Name: order_status order_status_pkey; Type: CONSTRAINT; Schema: public; Owner: postgres
--

ALTER TABLE ONLY public.order_status
    ADD CONSTRAINT order_status_pkey PRIMARY KEY (id);


--
-- TOC entry 3210 (class 2606 OID 16976)
-- Name: orders orders_pkey; Type: CONSTRAINT; Schema: public; Owner: postgres
--

ALTER TABLE ONLY public.orders
    ADD CONSTRAINT orders_pkey PRIMARY KEY (id);


--
-- TOC entry 3196 (class 2606 OID 16777)
-- Name: person person_pkey; Type: CONSTRAINT; Schema: public; Owner: postgres
--

ALTER TABLE ONLY public.person
    ADD CONSTRAINT person_pkey PRIMARY KEY (id);


--
-- TOC entry 3206 (class 2606 OID 16858)
-- Name: product_cart product_cart_pkey; Type: CONSTRAINT; Schema: public; Owner: postgres
--

ALTER TABLE ONLY public.product_cart
    ADD CONSTRAINT product_cart_pkey PRIMARY KEY (id);


--
-- TOC entry 3202 (class 2606 OID 16817)
-- Name: product product_pkey; Type: CONSTRAINT; Schema: public; Owner: postgres
--

ALTER TABLE ONLY public.product
    ADD CONSTRAINT product_pkey PRIMARY KEY (id);


--
-- TOC entry 3204 (class 2606 OID 16819)
-- Name: product uk_qka6vxqdy1dprtqnx9trdd47c; Type: CONSTRAINT; Schema: public; Owner: postgres
--

ALTER TABLE ONLY public.product
    ADD CONSTRAINT uk_qka6vxqdy1dprtqnx9trdd47c UNIQUE (title);


--
-- TOC entry 3215 (class 2606 OID 16977)
-- Name: orders fk1b0m4muwx1t377w9if3w6wwqn; Type: FK CONSTRAINT; Schema: public; Owner: postgres
--

ALTER TABLE ONLY public.orders
    ADD CONSTRAINT fk1b0m4muwx1t377w9if3w6wwqn FOREIGN KEY (person_id) REFERENCES public.person(id);


--
-- TOC entry 3212 (class 2606 OID 16825)
-- Name: product fk1mtsbur82frn64de7balymq9s; Type: FK CONSTRAINT; Schema: public; Owner: postgres
--

ALTER TABLE ONLY public.product
    ADD CONSTRAINT fk1mtsbur82frn64de7balymq9s FOREIGN KEY (category_id) REFERENCES public.category(id);


--
-- TOC entry 3216 (class 2606 OID 16982)
-- Name: orders fk787ibr3guwp6xobrpbofnv7le; Type: FK CONSTRAINT; Schema: public; Owner: postgres
--

ALTER TABLE ONLY public.orders
    ADD CONSTRAINT fk787ibr3guwp6xobrpbofnv7le FOREIGN KEY (product_id) REFERENCES public.product(id);


--
-- TOC entry 3211 (class 2606 OID 16820)
-- Name: image fkgpextbyee3uk9u6o2381m7ft1; Type: FK CONSTRAINT; Schema: public; Owner: postgres
--

ALTER TABLE ONLY public.image
    ADD CONSTRAINT fkgpextbyee3uk9u6o2381m7ft1 FOREIGN KEY (product_id) REFERENCES public.product(id);


--
-- TOC entry 3214 (class 2606 OID 16864)
-- Name: product_cart fkhpnrxdy3jhujameyod08ilvvw; Type: FK CONSTRAINT; Schema: public; Owner: postgres
--

ALTER TABLE ONLY public.product_cart
    ADD CONSTRAINT fkhpnrxdy3jhujameyod08ilvvw FOREIGN KEY (product_id) REFERENCES public.product(id);


--
-- TOC entry 3213 (class 2606 OID 16859)
-- Name: product_cart fksgnkc1ko2i1o9yr2p63ysq3rn; Type: FK CONSTRAINT; Schema: public; Owner: postgres
--

ALTER TABLE ONLY public.product_cart
    ADD CONSTRAINT fksgnkc1ko2i1o9yr2p63ysq3rn FOREIGN KEY (person_id) REFERENCES public.person(id);


-- Completed on 2022-12-10 20:03:18

--
-- PostgreSQL database dump complete
--

